Precio,Habitaciones,Banos,Superficie_m2,Antiguedad,Garaje,Distrito,Calidad,alto_precio,precio_m2,cluster
102829.91121326669,4.0,2.0,127.34047292350942,46.0,0.0,D,Media,0.0,807.5194700669466,1
168731.8401299704,5.0,1.0,134.12630492890662,13.0,0.0,B,Media,0.0,1258.0070719118548,2
125361.11921786923,3.0,2.0,141.27667568875384,38.0,0.0,C,Media,0.0,887.3447694512,0
222076.50284309438,5.0,1.0,147.8540450660995,24.0,1.0,A,Media,1.0,1501.9981546248061,2
226374.96700414762,5.0,3.0,140.64498914310764,19.0,0.0,A,Alta,1.0,1609.5487538045802,0
140309.83227265204,2.0,3.0,139.01974565796698,1.0,1.0,C,Media,0.0,1009.2798804125213,0
138706.5163225327,3.0,1.0,97.04984798767342,38.0,0.0,A,Baja,0.0,1429.229609305006,0
149564.14092579807,3.0,1.0,92.77022901717785,5.0,1.0,B,Media,0.0,1612.199759667554,2
103937.62675593077,3.0,1.0,149.69459665036473,16.0,1.0,B,Baja,0.0,694.3311855049348,2
158364.99727841123,5.0,3.0,129.7382604279955,24.0,1.0,C,Baja,0.0,1220.64992050902,0
196865.5774503464,4.0,1.0,152.80982957945022,27.0,1.0,A,Alta,1.0,1288.3044107315775,2
229911.0042932651,3.0,3.0,51.70891377489606,1.0,1.0,B,Alta,1.0,4446.254765554244,2
186926.71587960375,5.0,2.0,99.96854470329625,34.0,1.0,C,Alta,1.0,1869.8553273371824,0
157558.55542434813,2.0,3.0,196.28075607642222,36.0,0.0,A,Media,0.0,802.7203408723495,2
169984.70099243367,4.0,3.0,142.10132609389763,4.0,1.0,C,Media,0.0,1196.2217782549847,0
115771.14478259445,2.0,2.0,131.8220180391661,0.0,0.0,C,Baja,0.0,878.238298158941,0
163448.68621238135,4.0,3.0,148.31697467878698,39.0,0.0,D,Media,0.0,1102.022789814621,1
240877.77527631656,5.0,1.0,208.33802103464726,11.0,1.0,A,Alta,1.0,1156.187305994703,2
78279.19242120854,1.0,1.0,199.9219816914811,35.0,0.0,C,Media,0.0,391.5487019431846,0
184700.39354117884,4.0,3.0,56.81916970749625,44.0,1.0,B,Alta,1.0,3250.670407399688,2
135260.49101337482,2.0,1.0,71.57995363722526,22.0,0.0,B,Alta,0.0,1889.6420595476945,2
171584.82540312863,5.0,3.0,55.46357377796832,46.0,1.0,A,Baja,0.0,3093.648925148904,0
121491.77188032343,4.0,1.0,90.1156844423895,30.0,0.0,C,Media,0.0,1348.1756547939501,0
140989.18351961265,1.0,1.0,122.19677194609028,10.0,1.0,A,Media,0.0,1153.7881179202757,2
142094.97573004873,1.0,3.0,129.68060576271188,9.0,1.0,B,Media,0.0,1095.7303514609773,2
209587.27430516158,3.0,1.0,58.780850272509895,2.0,1.0,A,Alta,1.0,3565.5706464521745,0
144513.3321048119,3.0,3.0,45.305926945235626,13.0,1.0,C,Media,0.0,3189.7224457960006,0
76833.04037200043,2.0,1.0,89.40834452178197,15.0,0.0,C,Baja,0.0,859.3497707955223,0
147466.6335514667,4.0,1.0,156.64685062418482,9.0,1.0,C,Media,0.0,941.395457130877,0
189043.949001881,4.0,2.0,163.61451646774583,28.0,0.0,B,Alta,1.0,1155.4228382855515,2
165063.4863567892,3.0,2.0,188.23299437350744,9.0,0.0,A,Baja,0.0,876.9104848284812,0
178713.29142822998,4.0,3.0,118.70678996299544,11.0,0.0,C,Alta,1.0,1505.5018460522806,0
159534.4561405046,4.0,2.0,153.12613961560422,29.0,1.0,B,Media,0.0,1041.849918903378,2
185390.09701145405,1.0,3.0,160.39579844198641,40.0,0.0,A,Alta,1.0,1155.8288858701485,2
138808.43081629887,3.0,2.0,100.12563869309514,0.0,0.0,C,Alta,0.0,1386.342525532088,0
170459.23547937206,5.0,1.0,135.51379526121866,4.0,0.0,D,Media,0.0,1257.873673678698,1
176732.83782664695,3.0,3.0,146.34820502839017,19.0,1.0,C,Media,0.0,1207.6187596039354,0
158633.8370156669,5.0,3.0,83.63369531659504,7.0,1.0,C,Alta,0.0,1896.7694350364302,0
90594.16252245841,1.0,1.0,185.68384684429773,42.0,0.0,D,Media,0.0,487.894687998492,1
197109.88202050255,2.0,3.0,118.44750869119893,11.0,1.0,A,Alta,1.0,1664.111674432782,0
178658.5920593529,4.0,3.0,123.4814091258669,0.0,1.0,B,Baja,1.0,1446.8460744341107,2
109804.19190844646,1.0,2.0,82.10634480231502,19.0,0.0,D,Alta,0.0,1337.341129638869,1
220189.655944479,4.0,3.0,88.82295216489867,27.0,0.0,A,Alta,1.0,2478.972501788724,0
116646.79012507036,2.0,1.0,40.0,42.0,1.0,C,Alta,0.0,2916.169753126759,0
97840.54654982408,2.0,2.0,122.20623505674449,36.0,0.0,B,Baja,0.0,800.6182868197634,2
106144.39910190257,1.0,2.0,220.2275683856789,46.0,1.0,B,Media,0.0,481.975984568901,2
128945.01015661129,2.0,1.0,79.25522207582051,36.0,1.0,C,Media,0.0,1626.9591678546356,0
180034.71055114295,5.0,1.0,239.0478771261989,11.0,1.0,D,Media,1.0,753.1324382190538,1
156735.49302244646,2.0,2.0,176.57005050449655,36.0,1.0,C,Media,0.0,887.6674870660187,0
182640.3146289828,4.0,3.0,101.05644876091566,48.0,1.0,A,Baja,1.0,1807.3098438386876,0
124455.60607414992,4.0,2.0,121.09058819275513,48.0,1.0,D,Alta,0.0,1027.7892603514179,1
144527.32910996795,4.0,1.0,114.59598768340251,43.0,0.0,A,Media,0.0,1261.1901344160283,2
125435.3219826849,4.0,2.0,188.24655893590847,27.0,0.0,B,Baja,0.0,666.3352716337904,2
159358.58428226027,5.0,1.0,140.6806292047184,46.0,1.0,B,Media,0.0,1132.7684926000843,2
171680.93574067715,3.0,2.0,167.27896194487258,14.0,1.0,B,Media,0.0,1026.3151668603446,2
130568.12187613592,1.0,3.0,134.32687381445393,5.0,1.0,B,Baja,0.0,972.0178707984377,2
160274.46204143052,4.0,2.0,115.52109917621532,43.0,0.0,D,Alta,0.0,1387.4042333768712,1
173170.57369197247,2.0,2.0,133.05693460282856,19.0,1.0,C,Alta,0.0,1301.4772526428785,0
127758.98391599361,4.0,1.0,103.72223064511675,49.0,0.0,C,Media,0.0,1231.741576722526,0
118615.3923779835,2.0,1.0,61.91183826116409,13.0,1.0,A,Baja,0.0,1915.8757954759078,0
140775.34718798034,2.0,1.0,152.54754303826604,1.0,1.0,D,Alta,0.0,922.8293316573923,1
145835.83818621223,4.0,2.0,59.95342206627653,8.0,0.0,D,Media,0.0,2432.4856390181617,1
165701.38884745308,5.0,3.0,109.24663292819298,36.0,0.0,C,Media,0.0,1516.76426454596,0
149340.78123368917,2.0,1.0,102.40542849538329,19.0,1.0,A,Media,0.0,1458.3287568629416,2
132305.8263252762,2.0,1.0,145.7341572421628,25.0,1.0,A,Media,0.0,907.8573536156449,2
204741.47463633295,4.0,2.0,182.58818339734117,28.0,1.0,A,Media,1.0,1121.3292712967227,2
159299.13757603505,2.0,1.0,168.19882589202993,0.0,0.0,A,Media,0.0,947.0882851363792,2
129089.94907436581,2.0,3.0,146.89700075580373,34.0,0.0,B,Media,0.0,878.7786572236439,2
181557.42599014885,4.0,3.0,94.80513417516872,5.0,0.0,D,Alta,1.0,1915.059005714716,1
136120.86430653455,4.0,1.0,112.66123385614145,36.0,0.0,B,Media,0.0,1208.2316130173845,2
154121.97037345055,1.0,1.0,106.82905171776729,4.0,0.0,A,Alta,0.0,1442.6971680009563,0
167340.76945170085,5.0,2.0,101.18874213082225,32.0,0.0,B,Alta,0.0,1653.7488847855595,2
192384.5226743163,5.0,3.0,103.9019556549265,48.0,1.0,A,Media,1.0,1851.5967429261225,2
187484.44431027857,2.0,3.0,102.83447859729637,13.0,1.0,A,Media,1.0,1823.1671601552491,2
177297.21435185696,5.0,1.0,101.06295229198017,11.0,0.0,B,Media,1.0,1754.3245109209654,2
145390.86007304673,2.0,2.0,158.07532072114216,41.0,1.0,B,Media,0.0,919.7568564768446,2
128209.56759864265,1.0,3.0,77.81452444535631,19.0,1.0,C,Alta,0.0,1647.6302915489157,0
107527.64712217459,4.0,3.0,90.82103590784678,49.0,0.0,D,Media,0.0,1183.9508991207663,1
179711.8980543404,4.0,2.0,56.66373115841952,23.0,1.0,B,Alta,1.0,3171.5507323706734,2
118380.76817382163,4.0,2.0,176.61931210043394,42.0,0.0,B,Baja,0.0,670.2594793626239,2
126521.76105032738,5.0,3.0,88.13988165369652,33.0,0.0,C,Baja,0.0,1435.4655199950696,0
141547.96688348317,1.0,3.0,146.43100926888562,24.0,1.0,B,Media,0.0,966.6529486494496,2
169935.32244244925,5.0,2.0,139.01275440849227,49.0,0.0,A,Media,0.0,1222.444107129122,2
149579.39804313978,5.0,3.0,172.75354484363083,28.0,0.0,D,Media,0.0,865.8542907384777,1
104606.99892956959,1.0,1.0,111.59933206499625,38.0,0.0,A,Media,0.0,937.3443101670691,2
85952.69952393963,1.0,1.0,82.09840850856351,30.0,0.0,C,Media,0.0,1046.9472074476826,0
75204.60913091994,1.0,2.0,57.77000096513486,46.0,0.0,B,Baja,0.0,1301.793454639323,2
121121.34176125021,1.0,2.0,40.0,42.0,0.0,B,Alta,0.0,3028.033544031255,2
147341.59189793738,4.0,2.0,126.45412903515611,49.0,0.0,B,Media,0.0,1165.1781798044274,2
143000.8663584681,3.0,1.0,151.01890289955656,22.0,0.0,C,Alta,0.0,946.9070666840872,0
198337.81438933656,3.0,3.0,138.86752420791362,43.0,1.0,A,Alta,1.0,1428.2519654659036,2
136822.09647179695,1.0,1.0,58.809427873087685,37.0,1.0,A,Alta,0.0,2326.5333709258775,0
135882.80756384082,3.0,3.0,161.55304580447716,19.0,1.0,C,Baja,0.0,841.1033471216366,0
139358.66199609722,3.0,1.0,92.0713588673859,22.0,0.0,B,Alta,0.0,1513.5940612848035,2
125504.98768453031,1.0,3.0,83.72386023432983,44.0,0.0,A,Media,0.0,1499.0348908096414,2
134620.9587843159,3.0,1.0,91.17471058787265,15.0,1.0,D,Media,0.0,1476.5164365898424,1
170693.2725296248,5.0,2.0,123.13635690024309,49.0,1.0,B,Media,0.0,1386.2134370916071,2
95160.64706582858,2.0,1.0,60.611937139317114,41.0,1.0,C,Alta,0.0,1569.998445142925,0
140066.13926019898,2.0,3.0,118.51856345123528,7.0,0.0,C,Media,0.0,1181.80760196127,0
80603.00791588292,1.0,1.0,137.17792981534677,49.0,1.0,C,Alta,0.0,587.5799993802317,0
171320.30439404724,4.0,1.0,164.2929558497446,20.0,1.0,B,Media,0.0,1042.7732796452306,2
114724.53408062126,1.0,1.0,127.03826628884977,0.0,0.0,D,Alta,0.0,903.0706843855181,1
242954.42734655147,4.0,2.0,66.41486007224835,7.0,1.0,A,Alta,1.0,3658.1335424369995,0
104503.32303216904,2.0,1.0,125.95560910608894,28.0,0.0,C,Media,0.0,829.6837574271802,0
156528.22058241747,1.0,2.0,77.58966904215521,31.0,0.0,A,Alta,0.0,2017.384820875756,0
166096.95280480283,5.0,2.0,75.28219374532199,37.0,0.0,B,Baja,0.0,2206.3245575269125,2
117397.99553667728,3.0,1.0,65.49185585840084,4.0,1.0,B,Baja,0.0,1792.5586929541603,2
94961.10600009737,4.0,1.0,43.54985280423904,46.0,1.0,D,Baja,0.0,2180.514970439902,1
97088.9516554174,3.0,1.0,97.3134732825842,21.0,0.0,D,Media,0.0,997.692800188985,1
178192.12109037393,3.0,3.0,165.1555497218763,46.0,1.0,A,Media,1.0,1078.935109298182,2
140316.76227080825,1.0,1.0,210.25936061710166,33.0,1.0,A,Baja,0.0,667.3508463974442,2
122228.5430233407,3.0,2.0,97.05659366639622,0.0,1.0,C,Baja,0.0,1259.3533154838065,0
186323.9918290754,5.0,1.0,163.44422107078623,25.0,1.0,B,Alta,1.0,1139.985192553123,2
177538.39136968588,3.0,3.0,104.2167072705362,42.0,0.0,A,Alta,1.0,1703.5501890192509,0
154963.7278679712,1.0,1.0,53.97057122205754,9.0,1.0,C,Alta,0.0,2871.2634378166113,0
216130.10665424,5.0,3.0,148.0376904578431,29.0,0.0,B,Alta,1.0,1459.966755667454,2
107753.38783577856,2.0,3.0,129.39256347182265,49.0,0.0,D,Alta,0.0,832.7633748383354,1
176352.4028554399,3.0,1.0,192.7207843184446,17.0,1.0,A,Baja,0.0,915.0668594418015,0
89407.59840148498,1.0,2.0,58.61286072068977,16.0,0.0,B,Media,0.0,1525.3921631217186,2
214869.34393205022,2.0,3.0,231.84130833341106,25.0,1.0,B,Alta,1.0,926.7949075884551,2
149287.00335153053,2.0,1.0,183.66869292752625,7.0,1.0,C,Media,0.0,812.8059331833848,0
158967.32844700385,4.0,1.0,119.28305705752584,46.0,0.0,B,Media,0.0,1332.6899256978277,2
97049.56697360658,5.0,2.0,108.05448832805928,39.0,0.0,C,Baja,0.0,898.1539635721455,0
155105.74009232593,3.0,3.0,91.3676052452553,48.0,0.0,A,Media,0.0,1697.6010225503915,2
119118.38276961567,1.0,3.0,124.38930556751171,11.0,0.0,C,Media,0.0,957.6255951116692,0
142612.41435233728,4.0,1.0,112.64255378364086,26.0,1.0,B,Media,0.0,1266.0616220248457,2
191825.86368141606,5.0,1.0,140.55181654322445,7.0,1.0,A,Media,1.0,1364.805296717194,2
161393.25890850535,4.0,2.0,108.22533355926777,24.0,1.0,C,Media,0.0,1491.2706073584986,0
169157.80134088834,5.0,2.0,176.5985476598665,45.0,0.0,A,Baja,0.0,957.866322132449,0
217099.83165048523,5.0,3.0,125.00184124665788,3.0,0.0,A,Baja,1.0,1736.773070582988,0
140015.96246605404,3.0,3.0,109.72731888297072,32.0,0.0,D,Alta,0.0,1276.035575200626,1
197192.42844020392,5.0,1.0,160.9714632711756,0.0,1.0,B,Media,1.0,1225.01482208688,2
106474.98770085942,4.0,3.0,55.099054792089916,18.0,0.0,C,Baja,0.0,1932.4285707373892,0
225148.53127085147,5.0,2.0,133.63953409108535,30.0,1.0,B,Alta,1.0,1684.7449581603291,2
138565.96373112395,3.0,2.0,121.02285345637733,15.0,0.0,C,Media,0.0,1144.9570041832637,0
178066.74497835385,3.0,1.0,63.565978783768685,13.0,1.0,A,Media,1.0,2801.2900671927114,2
129967.76519973633,4.0,2.0,51.65986881725969,47.0,1.0,B,Baja,0.0,2515.8361446770414,2
172936.26337364924,2.0,2.0,160.4138001176631,4.0,0.0,D,Alta,0.0,1078.063503556433,1
94550.40330467153,2.0,2.0,158.51162761402776,40.0,0.0,C,Media,0.0,596.488754344884,0
195692.0794674526,5.0,2.0,126.90233718537436,25.0,1.0,B,Media,1.0,1542.068363812659,2
140664.82673234708,1.0,1.0,188.66631105818897,27.0,1.0,B,Alta,0.0,745.5746918641074,2
197301.80326804356,5.0,1.0,137.63872727445076,1.0,0.0,D,Media,1.0,1433.4759349715941,1
143683.60284823357,4.0,3.0,169.9922127764486,49.0,0.0,B,Media,0.0,845.236381722893,2
164988.9532349438,4.0,2.0,136.81298348738082,5.0,1.0,C,Baja,0.0,1205.9451451854482,0
171931.24077353638,4.0,3.0,108.96761737592033,8.0,0.0,C,Media,0.0,1577.819584513828,0
148191.69140621027,4.0,1.0,77.6987499426663,32.0,1.0,A,Baja,0.0,1907.2596601047062,0
165313.8168671791,4.0,1.0,95.8625498038895,40.0,1.0,A,Media,0.0,1724.4880008446396,2
159165.80044056516,3.0,1.0,109.71510915011126,24.0,0.0,C,Alta,0.0,1450.719063887508,0
132300.9104062212,2.0,1.0,174.5261240842682,47.0,0.0,A,Media,0.0,758.0579188382195,2
140629.38380912776,4.0,1.0,150.79678234118654,12.0,0.0,B,Media,0.0,932.5754941570673,2
92878.08505824822,1.0,1.0,133.21276272970465,8.0,0.0,D,Baja,0.0,697.2161161967829,1
134519.0750382834,1.0,1.0,154.800396302563,12.0,0.0,B,Media,0.0,868.9840481762138,2
116738.50709851662,1.0,2.0,141.0953486276993,30.0,1.0,C,Media,0.0,827.3731787328314,0
126730.19608709958,1.0,3.0,130.47750444427305,40.0,1.0,B,Alta,0.0,971.280042692923,2
99609.70446944682,3.0,1.0,60.05362393972181,10.0,0.0,B,Baja,0.0,1658.6793258210198,2
149306.31307119442,1.0,2.0,165.5663029144671,3.0,0.0,A,Alta,0.0,901.7916716321636,0
177704.09122957013,4.0,2.0,101.65952609894096,33.0,0.0,B,Alta,1.0,1748.0318672410315,2
169781.7606099727,5.0,3.0,163.5416111049018,37.0,1.0,B,Media,0.0,1038.1563411471361,2
88307.74600631981,1.0,1.0,167.40841166043558,45.0,0.0,B,Alta,0.0,527.498858214124,2
172908.648660435,3.0,3.0,93.19843225778612,3.0,0.0,C,Media,0.0,1855.2742194436387,0
150881.3306538032,3.0,1.0,157.9886432238375,37.0,1.0,B,Media,0.0,955.0137755157205,2
123269.68512710779,1.0,2.0,105.56050082976407,18.0,1.0,B,Media,0.0,1167.763359951305,2
186685.1460784378,5.0,2.0,105.79870689413103,5.0,0.0,B,Media,1.0,1764.531453727945,2
93125.70842123762,1.0,2.0,130.2989293833063,33.0,0.0,A,Media,0.0,714.7081626993686,2
165916.6422139021,3.0,2.0,131.37890356678162,17.0,0.0,B,Media,0.0,1262.8864886938602,2
169594.07530635403,2.0,3.0,121.54206061403568,12.0,1.0,A,Media,0.0,1395.352970400185,2
155949.7804723285,4.0,1.0,66.62847937776174,40.0,0.0,A,Media,0.0,2340.587417403662,2
93888.62220360292,3.0,1.0,115.14213442062642,22.0,0.0,A,Baja,0.0,815.4149884057024,0
175600.21837772755,1.0,3.0,211.13914912753626,18.0,0.0,B,Alta,0.0,831.6800512995256,2
128307.32845921414,4.0,1.0,40.0,44.0,1.0,C,Alta,0.0,3207.6832114803537,0
119934.12015625607,1.0,2.0,154.7896176091365,10.0,1.0,B,Media,0.0,774.8201850275578,2
99380.17516278477,1.0,1.0,162.28499733425235,0.0,0.0,B,Baja,0.0,612.3805453075563,2
120534.0026783942,2.0,2.0,65.66609122855392,23.0,0.0,C,Alta,0.0,1835.5592730328644,0
248460.7074092822,4.0,3.0,101.22244346361816,6.0,1.0,A,Alta,1.0,2454.6009650378087,0
149090.63080644753,4.0,1.0,79.97131368226621,24.0,1.0,D,Alta,0.0,1864.3013843538831,1
182738.28921029755,2.0,3.0,194.15861509247515,20.0,1.0,B,Media,1.0,941.1804319023482,2
163446.66051736943,3.0,1.0,164.12101067111132,14.0,1.0,B,Media,0.0,995.8911406224931,2
138342.36010561633,1.0,2.0,166.05701497858928,0.0,1.0,B,Baja,0.0,833.1015713094303,2
201146.60988635672,5.0,3.0,124.8258890397918,11.0,1.0,A,Baja,1.0,1611.4174025408745,0
159978.92609389653,1.0,1.0,172.48367798998572,6.0,1.0,C,Alta,0.0,927.5018248577978,0
135856.10462386187,1.0,2.0,119.67053731751687,14.0,1.0,B,Alta,0.0,1135.251062368012,2
156628.32347302558,3.0,3.0,174.3663050884223,20.0,1.0,D,Media,0.0,898.271735434196,1
163339.71972279015,1.0,3.0,114.05214303551118,18.0,0.0,A,Alta,0.0,1432.1495008816523,0
134689.06599238518,2.0,1.0,92.83032333146244,28.0,0.0,B,Media,0.0,1450.9166957381026,2
151378.0773482847,2.0,1.0,192.43801065327773,24.0,0.0,B,Media,0.0,786.6329361564015,2
173706.24483736412,4.0,1.0,119.16604957339455,32.0,1.0,A,Media,0.0,1457.682330321592,2
152313.09392399908,5.0,2.0,84.04800367030143,48.0,0.0,B,Alta,0.0,1812.215487252784,2
71640.21704392314,1.0,1.0,83.61464410040111,31.0,1.0,C,Baja,0.0,856.7903124469494,0
91679.2763440021,1.0,3.0,83.73685307923837,48.0,1.0,C,Alta,0.0,1094.849793999877,0
195645.46526668765,3.0,3.0,153.77769404117475,34.0,0.0,B,Alta,1.0,1272.2616663396095,2
67427.90713064239,2.0,1.0,116.04548491819138,43.0,1.0,C,Baja,0.0,581.0472262507849,0
145371.65063352356,5.0,1.0,211.9183590398833,37.0,0.0,D,Media,0.0,685.9795031074416,1
164879.38913805448,4.0,3.0,167.4471272929648,25.0,0.0,D,Alta,0.0,984.6653794757683,1
149107.53922393874,2.0,2.0,130.28552520375885,10.0,0.0,A,Media,0.0,1144.4674225378712,2
174998.07794595754,4.0,1.0,176.15590164793133,34.0,1.0,C,Alta,0.0,993.4272783872559,0
164042.31462917666,3.0,1.0,100.17970654122065,7.0,0.0,B,Alta,0.0,1637.4804867458724,2
120134.26622388295,3.0,3.0,45.80856783362778,45.0,1.0,D,Media,0.0,2622.528315231308,1
94191.63513535867,1.0,1.0,80.4166776970104,13.0,0.0,B,Media,0.0,1171.2947840278705,2
240747.4859334297,5.0,2.0,125.8883131747841,9.0,0.0,A,Alta,1.0,1912.3894812950145,0
186898.64696063154,4.0,3.0,111.0983411131544,1.0,0.0,C,Media,1.0,1682.2811671892923,0
89223.26656044215,2.0,1.0,152.97661553029843,45.0,1.0,B,Baja,0.0,583.2477483643287,2
151420.68584952966,3.0,3.0,115.01544874626123,8.0,1.0,D,Baja,0.0,1316.5247581964666,1
114828.70437124844,1.0,1.0,149.921389038469,2.0,1.0,D,Media,0.0,765.9260970546641,1
132300.9962710409,1.0,1.0,180.0388652225716,20.0,0.0,C,Alta,0.0,734.8468682441697,0
164443.14620461682,4.0,1.0,114.89216597556914,25.0,0.0,A,Alta,0.0,1431.2824970118875,0
161766.16038310956,3.0,2.0,142.20581154844484,7.0,1.0,C,Media,0.0,1137.5495742521123,0
149304.80115113486,5.0,2.0,49.80852637699064,47.0,1.0,A,Baja,0.0,2997.5751545242892,0
205338.14529137025,3.0,3.0,115.04424085037763,1.0,1.0,A,Media,1.0,1784.8624474685837,2
176146.83708125647,4.0,1.0,70.72167497015914,5.0,1.0,C,Alta,0.0,2490.705107812863,0
155382.58586287563,4.0,1.0,125.80907108517388,27.0,1.0,A,Baja,0.0,1235.0666332929222,0
162368.3097724895,3.0,2.0,129.43999026709324,28.0,1.0,B,Media,0.0,1254.3906209931743,2
97039.24204389653,4.0,1.0,129.30705431655178,25.0,0.0,D,Baja,0.0,750.455901704623,1
161431.60046201246,3.0,2.0,100.79509640814827,24.0,1.0,B,Media,0.0,1601.5818845822578,2
180120.52378309582,2.0,1.0,211.93875446939333,11.0,0.0,B,Alta,1.0,849.8706347220113,2
123961.38166940842,3.0,3.0,69.27913953427728,4.0,0.0,D,Media,0.0,1789.3031365967815,1
139911.99855618482,3.0,1.0,66.83416691353935,33.0,1.0,A,Media,0.0,2093.420252206978,2
123665.86482101782,4.0,1.0,186.1991350294634,47.0,1.0,C,Media,0.0,664.1591799094525,0
130838.77318140412,4.0,2.0,91.82883477640428,36.0,0.0,D,Alta,0.0,1424.8114276957326,1
66545.01815526925,1.0,1.0,82.21237249854279,14.0,1.0,D,Baja,0.0,809.4282664868814,1
111550.75484006855,1.0,1.0,212.1164759089245,43.0,1.0,C,Media,0.0,525.893872043983,0
147845.27290843954,2.0,2.0,159.42890867294255,35.0,0.0,B,Media,0.0,927.3429401171776,2
151939.19471513407,1.0,3.0,96.22141807447113,14.0,0.0,B,Alta,0.0,1579.0579452647419,2
121980.49778460608,3.0,3.0,128.70031622774243,42.0,0.0,C,Media,0.0,947.7870867757213,0
128184.0417033828,4.0,2.0,197.83485139310736,47.0,1.0,D,Baja,0.0,647.9345818026519,1
84660.25185478147,1.0,2.0,147.6648272380347,22.0,0.0,B,Media,0.0,573.3271317096368,2
170745.83550296354,1.0,2.0,171.4459382042577,5.0,1.0,A,Alta,0.0,995.9164812615155,2
77438.59915742354,2.0,2.0,152.19212714935222,45.0,0.0,A,Baja,0.0,508.82132083895476,0
138679.72030024536,2.0,2.0,157.21013383814164,49.0,0.0,A,Alta,0.0,882.1296497528932,2
88685.49723684005,3.0,3.0,121.58966783641709,43.0,0.0,C,Baja,0.0,729.3834979149275,0
188019.70086815103,4.0,3.0,120.45393915904877,42.0,1.0,B,Media,1.0,1560.926128118464,2
64065.91235733274,2.0,2.0,130.68201541393813,44.0,1.0,D,Media,0.0,490.242763355023,1
110674.83447224644,1.0,1.0,149.378112298012,20.0,0.0,C,Alta,0.0,740.9039568758785,0
189733.58356667508,4.0,2.0,108.66738736669546,22.0,0.0,A,Media,1.0,1746.0029928429558,2
147546.81883465083,4.0,1.0,124.88215738012019,42.0,0.0,C,Alta,0.0,1181.488388173366,0
172836.4130464347,1.0,2.0,107.58617536176058,15.0,1.0,B,Alta,0.0,1606.4927716341708,2
115571.05932452256,2.0,2.0,124.62739287978117,46.0,0.0,B,Media,0.0,927.3327207928149,2
147809.3903185043,1.0,3.0,69.96014676072612,14.0,1.0,C,Alta,0.0,2112.7655838692554,0
140131.08936436745,4.0,1.0,224.23909867838074,24.0,0.0,C,Alta,0.0,624.9181797031443,0
98057.85455720927,5.0,1.0,90.68239524884495,35.0,0.0,C,Baja,0.0,1081.3328682830338,0
167924.41736943438,5.0,3.0,105.54157100962276,10.0,0.0,B,Media,0.0,1591.073695066789,2
207856.65252964845,3.0,3.0,87.22942425780789,14.0,0.0,A,Alta,1.0,2382.873145136496,0
110185.75877234848,1.0,3.0,144.6283499665816,3.0,0.0,C,Baja,0.0,761.8544967000483,0
172162.25687928955,1.0,3.0,112.15989475030675,20.0,0.0,A,Alta,0.0,1534.971633689222,0
156952.21982466223,3.0,1.0,81.44769959611128,12.0,1.0,B,Alta,0.0,1927.0307277304112,2
121158.79346812687,3.0,1.0,146.2753346489737,21.0,0.0,A,Baja,0.0,828.29271085846,0
151941.61989447568,3.0,2.0,151.66596591691163,18.0,1.0,C,Media,0.0,1001.8175071506488,0
162638.2028509421,4.0,2.0,117.32494702090932,33.0,0.0,A,Media,0.0,1386.22012607393,2
100508.52697588249,1.0,3.0,93.45496194471693,13.0,0.0,C,Media,0.0,1075.4755540464303,0
154891.27625781563,4.0,3.0,207.6426402223887,3.0,1.0,D,Baja,0.0,745.9511981350483,1
123521.19408599149,3.0,3.0,133.60270522100924,47.0,0.0,A,Baja,0.0,924.5411152540613,0
109283.62425279724,1.0,2.0,69.03724060186704,45.0,1.0,A,Media,0.0,1582.9662845742675,2
177000.87696144925,4.0,2.0,176.56161844011072,26.0,1.0,B,Alta,1.0,1002.4878482946593,2
159622.62772790325,4.0,2.0,85.76901002349715,28.0,0.0,D,Alta,0.0,1861.0757858132358,1
194101.75762545146,3.0,2.0,229.67513361079665,46.0,1.0,A,Media,1.0,845.1143777470172,2
97597.29470685261,1.0,2.0,123.18631430110347,27.0,1.0,B,Baja,0.0,792.2738435723973,2
165400.42902761462,3.0,2.0,160.53264144221413,34.0,0.0,A,Media,0.0,1030.322727774667,2
122245.66778902555,1.0,2.0,40.0,7.0,1.0,C,Media,0.0,3056.141694725639,0
211734.610114265,5.0,3.0,68.63436463640147,15.0,0.0,B,Alta,1.0,3084.964962318129,2
125298.84125009674,2.0,3.0,173.35438479042858,41.0,0.0,C,Alta,0.0,722.7901469095973,0
158723.20548155863,2.0,3.0,132.7126026251655,35.0,0.0,D,Alta,0.0,1195.9919581251654,1
174643.84512385813,2.0,3.0,201.69585690856292,29.0,0.0,A,Alta,0.0,865.8772064070281,2
132850.16597500816,3.0,2.0,139.40700420918355,17.0,1.0,C,Baja,0.0,952.9662209487215,0
232250.29156090066,5.0,1.0,125.81184958964158,1.0,0.0,A,Alta,1.0,1846.0128542615626,0
54848.53202392702,1.0,2.0,188.5429596328882,48.0,0.0,D,Media,0.0,290.9073461598489,1
174265.96134258836,4.0,1.0,160.4054799690178,12.0,1.0,C,Alta,0.0,1086.4090265260745,0
121907.37302065636,1.0,3.0,112.14955202894842,3.0,0.0,D,Media,0.0,1087.0072221883618,1
196145.56848897174,4.0,2.0,76.23583598006212,25.0,0.0,A,Alta,1.0,2572.878830111727,0
170121.3077327515,1.0,3.0,40.0,24.0,1.0,A,Alta,0.0,4253.032693318788,0
165464.14787904665,5.0,2.0,102.49337320789179,29.0,1.0,B,Baja,0.0,1614.3887424158486,2
185592.86107887575,4.0,3.0,72.54659619114511,10.0,1.0,B,Media,1.0,2558.2573245735384,2
217388.2458077942,3.0,1.0,223.90818572937536,6.0,1.0,A,Alta,1.0,970.8811899826592,2
106603.90066687812,1.0,1.0,93.98516223719892,30.0,1.0,B,Media,0.0,1134.263091421092,2
101486.99192167819,1.0,1.0,92.8916397749982,43.0,1.0,A,Media,0.0,1092.530955073025,2
175384.0462225196,4.0,2.0,59.15020501645418,9.0,1.0,B,Media,0.0,2965.062355637346,2
93958.02448688706,3.0,1.0,109.34730685909187,38.0,0.0,C,Baja,0.0,859.2623557520636,0
198242.05807484785,3.0,2.0,93.4186028143115,12.0,1.0,B,Alta,1.0,2122.0833121310357,2
206800.83612113647,5.0,1.0,189.5091771497784,30.0,1.0,A,Media,1.0,1091.2444412002887,2
155423.94045443143,3.0,1.0,126.73904637659939,6.0,1.0,B,Baja,0.0,1226.3303606735067,2
152240.4239023841,3.0,2.0,119.6454390937449,48.0,0.0,A,Media,0.0,1272.4298147554148,2
123911.76810543609,3.0,2.0,114.61308983669609,41.0,0.0,D,Media,0.0,1081.1310320835867,1
129434.50685610496,2.0,1.0,151.4469968075681,41.0,1.0,A,Baja,0.0,854.6521858110352,0
155878.56669169836,5.0,2.0,101.90687337461998,35.0,1.0,C,Media,0.0,1529.6177924983822,0
113292.64073746785,1.0,1.0,146.68824374127354,19.0,1.0,D,Media,0.0,772.3361998749652,1
155637.38167487804,4.0,2.0,184.55879282909777,3.0,0.0,C,Media,0.0,843.2943198701939,0
152055.54518767126,1.0,3.0,138.4030004119859,6.0,0.0,C,Alta,0.0,1098.6434162196317,0
206856.67724246613,5.0,3.0,110.0107486869946,0.0,1.0,C,Media,1.0,1880.3315104328583,0
146189.8227898248,4.0,3.0,81.86163316112395,43.0,0.0,D,Media,0.0,1785.8161038894382,1
175190.79442525364,5.0,3.0,108.99504054611702,44.0,1.0,C,Media,0.0,1607.32812747685,0
160264.49134508905,3.0,3.0,142.52315495890284,41.0,0.0,B,Media,0.0,1124.4803792850503,2
108753.16380690051,4.0,1.0,58.69890632330715,46.0,0.0,C,Media,0.0,1852.7289624086009,0
173610.50791695385,3.0,3.0,153.2617103083713,12.0,1.0,B,Media,0.0,1132.77156810817,2
139473.05953521046,1.0,3.0,128.3045075291226,21.0,1.0,C,Alta,0.0,1087.0472302273,0
141678.14798988763,1.0,3.0,114.03243360965125,20.0,1.0,B,Media,0.0,1242.4372917872777,2
172303.61039040142,4.0,3.0,93.62346354195991,21.0,1.0,A,Media,0.0,1840.3891916814086,2
215489.74159126534,4.0,2.0,100.94489196122531,27.0,0.0,A,Alta,1.0,2134.726556288145,0
201525.1693964681,5.0,1.0,143.8922416586123,8.0,0.0,A,Media,1.0,1400.5283889772963,2
177559.56093971667,5.0,3.0,114.87153895619556,25.0,0.0,B,Media,1.0,1545.7228357271872,2
157648.78499798095,3.0,3.0,99.9544013088572,8.0,1.0,A,Media,0.0,1577.2070357447212,2
154896.90217550908,4.0,3.0,138.74253973486088,14.0,0.0,B,Baja,0.0,1116.434097801002,2
146662.16320582587,1.0,1.0,140.3275910996852,9.0,1.0,B,Alta,0.0,1045.1413158061036,2
161548.26324596576,5.0,2.0,70.0329975470381,23.0,0.0,C,Alta,0.0,2306.7449474436803,0
194247.40466666434,5.0,1.0,142.85922786307938,41.0,1.0,A,Alta,1.0,1359.7119876136874,2
170408.60175505266,1.0,2.0,220.0679285144177,7.0,1.0,A,Media,0.0,774.3454619008165,2
164430.63289518718,5.0,3.0,138.78483157502018,23.0,0.0,C,Media,0.0,1184.7882151754038,0
147822.93640942572,3.0,3.0,52.039711806253294,15.0,1.0,B,Baja,0.0,2840.579459005819,2
150619.64805116958,4.0,1.0,127.09501567358184,48.0,1.0,A,Media,0.0,1185.0948461897676,2
77931.21264668198,1.0,1.0,46.767385032252605,25.0,0.0,D,Media,0.0,1666.3581381113693,1
201504.0645580755,4.0,2.0,246.69486688256637,26.0,1.0,D,Alta,1.0,816.8149872935826,1
185782.30055908722,5.0,2.0,209.42698747937897,36.0,1.0,B,Media,1.0,887.0981853634318,2
194143.15214197827,5.0,1.0,93.36246068818414,3.0,1.0,B,Media,1.0,2079.456247306781,2
69989.77081100897,1.0,2.0,40.0,49.0,0.0,D,Media,0.0,1749.7442702752244,1
116903.77179621362,3.0,1.0,84.86515251628863,23.0,0.0,C,Media,0.0,1377.5238520165935,0
143126.13732393665,2.0,2.0,112.76037044241106,18.0,1.0,B,Media,0.0,1269.2946711897687,2
84372.44071646058,1.0,1.0,49.52545031841046,35.0,0.0,C,Alta,0.0,1703.617840403486,0
120933.87628638539,2.0,1.0,117.23909940015089,38.0,1.0,B,Media,0.0,1031.5148862891192,2
157050.6097789108,2.0,1.0,112.49685342918994,9.0,1.0,B,Alta,0.0,1396.044466948267,2
178992.09506942247,3.0,2.0,125.00618788251555,24.0,1.0,B,Media,1.0,1431.8658788126909,2
164069.44573595098,2.0,2.0,129.1858070775192,17.0,1.0,C,Alta,0.0,1270.0268663220838,0
138573.0970822645,2.0,2.0,81.37529600491393,18.0,1.0,B,Alta,0.0,1702.8890079109094,2
86346.24263593051,3.0,1.0,85.86343841001383,35.0,0.0,C,Media,0.0,1005.6229314229323,0
150461.94435386575,2.0,2.0,121.823686578802,9.0,1.0,B,Media,0.0,1235.0795529122247,2
154841.65561500887,2.0,2.0,94.7603148050421,32.0,0.0,A,Alta,0.0,1634.0348376171698,0
101808.06611507395,2.0,1.0,156.29979073669023,49.0,0.0,B,Media,0.0,651.3640589998259,2
166139.71574866967,1.0,3.0,121.435781990708,4.0,1.0,C,Alta,0.0,1368.1281828562055,0
86288.05400634823,1.0,1.0,194.60012935989897,46.0,1.0,B,Baja,0.0,443.4121102086457,2
124522.7541605742,1.0,2.0,152.81929753084904,48.0,0.0,A,Media,0.0,814.8365826340569,2
154190.74655550576,3.0,1.0,164.14855477562392,34.0,0.0,D,Alta,0.0,939.336607418021,1
189802.9438136348,5.0,3.0,125.30264271859143,43.0,0.0,A,Alta,1.0,1514.7561112489875,0
105314.41771842692,2.0,1.0,126.29446005161186,33.0,1.0,D,Media,0.0,833.8799475082978,1
163424.55056435525,2.0,2.0,189.2528231963671,32.0,0.0,A,Alta,0.0,863.5250338896521,2
173115.73094661254,3.0,3.0,104.86828465851883,20.0,1.0,C,Media,0.0,1650.792053196321,0
111084.266812643,2.0,2.0,141.8711741666096,16.0,1.0,A,Baja,0.0,782.9939201193099,0
83839.83605992998,1.0,3.0,109.35049871354168,21.0,1.0,D,Media,0.0,766.707395451023,1
170080.0913649617,5.0,3.0,109.25455766450789,47.0,0.0,B,Media,0.0,1556.7322315947047,2
201883.74631430194,4.0,1.0,73.2441493703312,36.0,1.0,A,Alta,1.0,2756.3122522394724,0
146234.74593564245,2.0,1.0,90.29942596572238,14.0,1.0,B,Media,0.0,1619.442697134676,2
120729.5947334354,1.0,2.0,82.86922194334198,34.0,1.0,A,Media,0.0,1456.868930372952,2
178249.2961128549,4.0,1.0,143.77475235692677,27.0,1.0,A,Baja,1.0,1239.7816250126007,0
156120.95722656045,5.0,1.0,161.60823712894648,6.0,1.0,D,Media,0.0,966.0457907352348,1
183757.44664997386,4.0,3.0,116.2098650568639,31.0,0.0,B,Media,1.0,1581.2551418079483,2
116013.7903094134,1.0,1.0,129.18511720654612,10.0,1.0,C,Alta,0.0,898.0430007577893,0
171190.77491043723,4.0,3.0,113.90114579579615,9.0,1.0,C,Media,0.0,1502.976758612691,0
178697.31865236742,3.0,3.0,87.5689632042806,8.0,0.0,C,Alta,1.0,2040.6467327414036,0
211145.74505558255,4.0,3.0,154.49052099187514,13.0,1.0,A,Alta,1.0,1366.72297885957,0
184967.517493157,2.0,2.0,146.10138775037916,12.0,0.0,A,Media,1.0,1266.0216329305672,2
130746.62179952126,2.0,2.0,44.29816058784145,24.0,1.0,C,Alta,0.0,2951.513563193127,0
164300.2188292451,3.0,2.0,108.67563995058985,1.0,0.0,D,Alta,0.0,1511.8403618690018,1
130399.28059781562,1.0,3.0,84.71890635170287,34.0,0.0,B,Media,0.0,1539.1992910823803,2
115826.61468809967,2.0,2.0,104.362457213391,6.0,1.0,B,Baja,0.0,1109.8494399309493,2
201094.1337720088,5.0,2.0,93.18273731814962,20.0,1.0,B,Media,1.0,2158.0620999082926,2
140185.18578382683,2.0,1.0,118.14318517034401,17.0,1.0,D,Media,0.0,1186.5702247802249,1
156382.72431141563,2.0,2.0,106.80341059466105,2.0,0.0,B,Alta,0.0,1464.2109595630552,2
120455.33975860439,1.0,2.0,105.95437224716645,41.0,0.0,B,Media,0.0,1136.8604919635654,2
137906.78554240178,4.0,3.0,164.29553713354852,38.0,0.0,D,Alta,0.0,839.3824199272284,1
165918.46349313087,2.0,3.0,142.28714642676994,40.0,1.0,A,Media,0.0,1166.081882023849,2
109192.3279430008,3.0,3.0,91.84421398798266,48.0,0.0,A,Baja,0.0,1188.8863021603959,0
197871.9039105384,4.0,3.0,97.77813068746316,10.0,0.0,C,Alta,1.0,2023.6826222728043,0
179267.4473922512,5.0,3.0,139.67172221598452,38.0,1.0,D,Media,1.0,1283.4913506331434,1
179514.71387804195,1.0,3.0,139.61678286811065,23.0,0.0,A,Media,1.0,1285.7674427838735,2
176821.09959678954,5.0,2.0,95.84879043751724,45.0,0.0,B,Media,0.0,1844.7921855837842,2
156390.27683484778,4.0,3.0,110.64037332391341,18.0,1.0,B,Baja,0.0,1413.5009864527108,2
179638.45668293486,4.0,3.0,193.87224160347873,3.0,0.0,B,Media,1.0,926.5816250804186,2
150069.8753701384,4.0,1.0,96.53807645914628,25.0,1.0,C,Media,0.0,1554.5148699295466,0
183060.89086881976,5.0,2.0,196.4321835383514,37.0,1.0,B,Media,1.0,931.9292163398416,2
205164.9269930594,4.0,2.0,164.14667770103222,41.0,1.0,B,Alta,1.0,1249.8877824791286,2
155386.28546902956,5.0,2.0,189.01665100221862,31.0,1.0,B,Media,0.0,822.0772331174447,2
198801.30592339617,4.0,3.0,94.83712111722284,38.0,1.0,B,Media,1.0,2096.2393584013275,2
146370.7909186758,3.0,3.0,113.25776503748956,44.0,0.0,B,Media,0.0,1292.3687031103384,2
139048.8318920717,4.0,3.0,102.03344764897749,45.0,0.0,D,Alta,0.0,1362.7769628096573,1
177818.25373252426,5.0,1.0,165.0701276770481,35.0,1.0,A,Baja,1.0,1077.2285466478663,0
139936.43921051951,2.0,3.0,97.29264909311641,39.0,1.0,C,Media,0.0,1438.3043376338717,0
105825.03773760112,4.0,1.0,149.24861973371495,36.0,0.0,C,Baja,0.0,709.0520363029894,0
85582.03141154915,2.0,2.0,147.13197644768164,32.0,1.0,B,Baja,0.0,581.6684685261541,2
171761.75270736538,3.0,3.0,118.07881877143294,35.0,1.0,B,Alta,0.0,1454.6364411033562,2
174624.49251962086,1.0,1.0,171.9463893665734,2.0,1.0,B,Alta,0.0,1015.5752218055477,2
175966.83438809833,3.0,1.0,124.3071947890642,8.0,0.0,A,Media,0.0,1415.580447187268,2
185456.00598678927,4.0,3.0,153.3634287443321,7.0,0.0,B,Media,1.0,1209.2583447384825,2
171050.16129256616,2.0,2.0,100.2118652432887,32.0,1.0,A,Media,0.0,1706.88531619784,2
183017.0909047717,2.0,2.0,91.06252743572699,5.0,1.0,B,Alta,1.0,2009.7958628915426,2
183154.5858795117,5.0,2.0,149.2458211703043,40.0,0.0,C,Alta,1.0,1227.200764773937,0
104908.51279308998,2.0,1.0,137.23360977334994,38.0,0.0,B,Media,0.0,764.4520388726426,2
190557.12156162466,5.0,1.0,129.73230656513462,3.0,1.0,C,Alta,1.0,1468.8486361410044,0
117650.9001196533,1.0,1.0,106.25246608248867,12.0,1.0,B,Alta,0.0,1107.2768892565327,2
114545.32914826741,4.0,1.0,181.96837906105216,48.0,0.0,D,Media,0.0,629.4793070055118,1
202271.26894655346,5.0,2.0,75.33656782984612,1.0,0.0,B,Media,1.0,2684.9015660416053,2
152516.15409805754,1.0,3.0,73.14627961076113,4.0,0.0,A,Media,0.0,2085.0842299793426,0
131205.48192272146,2.0,1.0,157.68666020655314,43.0,1.0,C,Alta,0.0,832.0645624103897,0
179396.45299368596,2.0,1.0,154.4038553657228,26.0,0.0,A,Alta,1.0,1161.8651138520177,2
146890.55621614042,1.0,2.0,134.15051115967472,31.0,1.0,B,Alta,0.0,1094.9682930488552,2
149075.55076127857,2.0,3.0,108.48191112388774,20.0,0.0,D,Alta,0.0,1374.1973128684317,1
140844.28928955065,1.0,3.0,140.09688516761648,7.0,0.0,A,Media,0.0,1005.334908917068,2
188221.51366464412,5.0,2.0,188.83321188478135,37.0,0.0,B,Alta,1.0,996.7606428231996,2
231774.0193952452,5.0,2.0,220.621848314969,7.0,0.0,C,Alta,1.0,1050.5488063192859,0
88806.17193016065,1.0,3.0,53.74345178099374,49.0,1.0,D,Media,0.0,1652.4091584598734,1
204240.2561575556,5.0,1.0,103.24319523005813,2.0,1.0,C,Media,1.0,1978.2442387844003,0
176840.75387808858,5.0,3.0,100.72906948060641,43.0,0.0,B,Alta,1.0,1755.6079371122962,2
174116.5052461766,5.0,2.0,185.06077886798727,2.0,1.0,C,Baja,0.0,940.861193340066,0
142259.82343672198,3.0,1.0,40.0,21.0,0.0,B,Alta,0.0,3556.4955859180495,2
136746.17920358293,4.0,1.0,140.55340772262184,5.0,0.0,C,Baja,0.0,972.9125847553097,0
140792.44054049047,2.0,2.0,109.72758766323865,1.0,0.0,D,Media,0.0,1283.1088656809984,1
168699.9326333422,3.0,2.0,185.52450998190562,22.0,0.0,C,Alta,0.0,909.3134521675635,0
172832.76858824186,5.0,2.0,180.04155360017842,43.0,1.0,D,Media,0.0,959.9604376446049,1
165156.83749933323,1.0,3.0,134.6202693930677,1.0,0.0,A,Media,0.0,1226.8348462229271,2
149359.40374562822,5.0,3.0,56.811077171528126,37.0,0.0,C,Media,0.0,2629.054247548792,0
142472.43537565178,4.0,1.0,97.04442070659468,16.0,1.0,C,Alta,0.0,1468.1156767003097,0
169547.68685972254,5.0,2.0,101.42435693545046,34.0,0.0,A,Baja,0.0,1671.6663726803595,0
94215.77837022571,1.0,1.0,66.94180822186141,33.0,0.0,D,Alta,0.0,1407.4280464305916,1
131323.283489487,4.0,1.0,166.1833712743748,22.0,0.0,B,Baja,0.0,790.2311914991029,2
166361.29173126767,5.0,1.0,61.86294010902376,29.0,1.0,C,Alta,0.0,2689.1914842405145,0
177680.37862042096,4.0,1.0,198.61310033814848,7.0,0.0,C,Alta,1.0,894.6055336627415,0
133478.00667094946,2.0,2.0,198.51290536181835,21.0,1.0,C,Media,0.0,672.389567961169,0
115231.20316462479,2.0,1.0,104.59758952561975,43.0,0.0,A,Media,0.0,1101.6621289958166,2
171570.61098748565,5.0,2.0,133.13981480519266,35.0,0.0,B,Media,0.0,1288.6499146669546,2
193115.42608925627,4.0,2.0,117.10866087718304,4.0,1.0,B,Media,1.0,1649.0277033547916,2
82570.24032594339,1.0,3.0,156.07299201446762,12.0,0.0,D,Baja,0.0,529.0488716862,1
147107.41768729998,5.0,2.0,170.98709354259037,28.0,0.0,B,Baja,0.0,860.3422319162217,2
118569.05929320329,2.0,3.0,130.31987968480266,30.0,1.0,B,Baja,0.0,909.8309450559622,2
109923.95981760087,2.0,2.0,138.7646683912425,46.0,1.0,C,Media,0.0,792.1610096575434,0
187498.3174893038,5.0,2.0,95.17582944241934,15.0,1.0,B,Media,1.0,1970.0203149029435,2
153592.04503591952,4.0,2.0,137.46855867561354,41.0,1.0,C,Media,0.0,1117.2885386712521,0
127195.75274327798,2.0,3.0,126.51048315695924,29.0,1.0,C,Alta,0.0,1005.41670199353,0
130897.82847889175,4.0,3.0,83.52822044994574,15.0,0.0,D,Media,0.0,1567.1090294247588,1
143436.16286395674,2.0,1.0,119.43851562627555,11.0,1.0,B,Media,0.0,1200.920508027495,2
135720.43619625003,2.0,3.0,104.67269928055708,16.0,0.0,B,Media,0.0,1296.61733316416,2
212738.05579388048,3.0,3.0,95.62017672727765,15.0,0.0,A,Alta,1.0,2224.823913478425,0
202643.85649235034,2.0,3.0,74.14035169601729,11.0,0.0,A,Alta,1.0,2733.2464960944617,0
192606.22076594114,1.0,3.0,122.50010932997904,7.0,1.0,A,Alta,1.0,1572.2942764656395,0
199374.10102552566,5.0,1.0,88.78103974698625,19.0,1.0,A,Alta,1.0,2245.6833305142,0
176357.58351635293,5.0,3.0,101.15567310789203,2.0,0.0,C,Baja,0.0,1743.427512248878,0
190544.1364532979,4.0,2.0,163.00497100869154,15.0,1.0,C,Alta,1.0,1168.946782875339,0
136930.11769818145,2.0,2.0,145.28464405073512,29.0,1.0,B,Alta,0.0,942.4954618766442,2
78524.12536928822,1.0,3.0,80.84933408554986,44.0,1.0,C,Media,0.0,971.2402242694882,0
206243.27897158056,4.0,3.0,134.07564271625745,22.0,1.0,D,Alta,1.0,1538.2606026961255,1
123704.38605058638,3.0,2.0,125.3112279305662,27.0,0.0,C,Baja,0.0,987.1771914894158,0
103610.99466951695,4.0,2.0,188.06784834133845,39.0,0.0,C,Media,0.0,550.9234863019519,0
162472.23257531878,4.0,1.0,175.325800034891,4.0,1.0,B,Media,0.0,926.6875299755411,2
143950.83855091763,2.0,2.0,58.650050971606554,19.0,0.0,B,Media,0.0,2454.4026163013323,2
187056.02398510557,3.0,2.0,154.44510675834402,39.0,1.0,A,Alta,1.0,1211.1489182871098,2
181600.68609017515,4.0,3.0,170.60789006494795,43.0,1.0,B,Media,1.0,1064.4331045946492,2
116155.63301042454,1.0,2.0,142.37436834913325,0.0,0.0,D,Media,0.0,815.8465203904217,1
94407.40906133594,1.0,1.0,106.58351425223236,29.0,0.0,C,Media,0.0,885.7599575664077,0
230071.79399254374,5.0,2.0,216.53575660468545,20.0,0.0,A,Alta,1.0,1062.511788353598,2
140762.64069709522,3.0,3.0,146.0563712370809,19.0,1.0,B,Baja,0.0,963.7555657781419,2
180768.56996261762,3.0,3.0,199.0617709491291,5.0,0.0,C,Media,1.0,908.1028923871758,0
237117.9157018575,5.0,2.0,174.0591371789403,21.0,1.0,A,Alta,1.0,1362.2836441966851,2
207813.67711272536,4.0,3.0,138.56538640893214,17.0,0.0,B,Alta,1.0,1499.7517237055774,2
128379.15449933808,3.0,1.0,96.8119635410549,7.0,0.0,D,Media,0.0,1326.0670458862921,1
116588.9431816208,1.0,1.0,119.03580487389995,38.0,1.0,B,Alta,0.0,979.4443218586944,2
182660.65989694884,1.0,2.0,111.12350188825788,31.0,1.0,A,Alta,1.0,1643.762631604486,0
153294.8328342485,2.0,2.0,71.4192417740292,32.0,1.0,B,Alta,0.0,2146.408013113245,2
140195.6218942243,3.0,2.0,146.01126299838813,15.0,1.0,D,Media,0.0,960.1699143974392,1
217298.23646418587,4.0,3.0,182.69412007837636,11.0,1.0,B,Media,1.0,1189.4101264505077,2
163555.7866179687,5.0,1.0,108.06786021794213,37.0,1.0,A,Media,0.0,1513.4544746987976,2
211929.80595821852,5.0,1.0,206.5462599689895,33.0,1.0,B,Media,1.0,1026.0646016540668,2
178836.35626291225,4.0,3.0,57.69668856553065,13.0,1.0,B,Media,1.0,3099.594807071012,2
72440.73192150793,2.0,1.0,162.17454193548815,35.0,0.0,B,Baja,0.0,446.68374614755703,2
200412.41735680946,5.0,2.0,186.8608094162164,32.0,1.0,C,Media,1.0,1072.5224726518659,0
168873.139015199,3.0,2.0,111.83877676075758,22.0,1.0,A,Media,0.0,1509.9694748669126,2
92955.59732314857,2.0,2.0,112.55773979428477,49.0,0.0,D,Media,0.0,825.8481157585263,1
184970.6339656451,3.0,1.0,161.71060703377606,44.0,1.0,A,Alta,1.0,1143.837360817097,2
153791.34524270796,1.0,2.0,140.2396443983814,1.0,0.0,B,Media,0.0,1096.632452987616,2
117309.04400721783,2.0,3.0,40.10354626161973,40.0,0.0,A,Baja,0.0,2925.153881453273,0
204642.0777332604,5.0,3.0,86.26507381842477,20.0,1.0,B,Alta,1.0,2372.2471757689764,2
116819.85001938208,2.0,1.0,119.45801807810162,1.0,0.0,B,Baja,0.0,977.9155212754769,2
155735.71555753585,2.0,3.0,65.21207281259733,26.0,1.0,B,Alta,0.0,2388.142392054921,2
194459.13842660433,2.0,3.0,101.03302734280385,8.0,0.0,A,Alta,1.0,1924.7086179730793,0
142367.75314518198,2.0,1.0,66.21258299024262,0.0,0.0,C,Media,0.0,2150.161596416831,0
205962.05884800063,3.0,2.0,105.19317477786439,10.0,0.0,A,Alta,1.0,1957.9412759708898,0
129283.90748033351,1.0,2.0,106.53509090715357,2.0,1.0,C,Media,0.0,1213.5335538691731,0
164565.78493674492,4.0,2.0,134.07018706374853,22.0,1.0,D,Media,0.0,1227.459948709523,1
106110.76502344018,2.0,1.0,116.32962704001997,25.0,0.0,B,Baja,0.0,912.1559805821067,2
188245.27911646475,5.0,3.0,140.11158884163024,3.0,0.0,B,Media,1.0,1343.538251709076,2
168266.8519041103,2.0,2.0,135.34176029895687,17.0,1.0,B,Alta,0.0,1243.2737060048953,2
263788.3468624564,5.0,2.0,161.2535997705724,5.0,1.0,A,Media,1.0,1635.860205525755,2
149586.47337208653,3.0,1.0,154.95132163840464,34.0,0.0,B,Media,0.0,965.3772022749341,2
158735.46102122866,5.0,2.0,150.72495340538867,21.0,0.0,C,Media,0.0,1053.146525740134,0
151655.24521487593,4.0,1.0,244.19469713866886,42.0,1.0,B,Media,0.0,621.0423362664452,2
130319.64680824913,1.0,3.0,133.89610546569315,14.0,1.0,A,Baja,0.0,973.2893003496627,0
188043.9424724534,5.0,1.0,223.74286015435445,21.0,1.0,C,Media,1.0,840.4466732155239,0
211693.26214751412,5.0,1.0,136.48873608975734,36.0,1.0,B,Alta,1.0,1550.9943766224121,2
94934.82127613258,1.0,1.0,116.68596340776432,41.0,1.0,C,Media,0.0,813.5924707959825,0
161166.24237340892,4.0,1.0,105.07339271147211,11.0,0.0,B,Media,0.0,1533.844470178724,2
108184.35346806089,2.0,3.0,180.38903193793718,46.0,1.0,B,Baja,0.0,599.7280006762368,2
198815.013469615,5.0,3.0,185.6201357155175,48.0,0.0,A,Media,1.0,1071.085379305616,2
142177.13670718757,1.0,2.0,143.99135423858917,41.0,1.0,A,Alta,0.0,987.4005106695816,2
76204.54130944442,3.0,3.0,165.34187098010824,37.0,0.0,D,Baja,0.0,460.89076443687003,1
154221.72711525596,1.0,3.0,68.91118136307668,17.0,1.0,A,Baja,0.0,2237.978279645189,0
96678.66679650974,3.0,2.0,58.04880709951153,44.0,1.0,D,Media,0.0,1665.472067854488,1
183309.883446788,4.0,3.0,169.85307543189816,34.0,0.0,B,Alta,1.0,1079.2261663833417,2
145436.66656950486,2.0,1.0,114.92754008387912,29.0,0.0,A,Media,0.0,1265.464017270002,2
161113.65464369883,1.0,1.0,149.97209669590012,23.0,1.0,A,Media,0.0,1074.290872724081,2
212013.97762649014,5.0,2.0,91.30848200175687,41.0,1.0,A,Alta,1.0,2321.9527143426913,0
136247.8798396705,4.0,2.0,186.27953878819102,29.0,1.0,D,Media,0.0,731.4162399478079,1
142085.79362955937,1.0,2.0,58.38325312443855,13.0,1.0,B,Alta,0.0,2433.6738024295514,2
193571.91050950688,5.0,1.0,64.57659654069246,5.0,1.0,B,Alta,1.0,2997.555165167755,2
149159.53018974944,1.0,3.0,177.7724633484938,2.0,0.0,B,Media,0.0,839.0474395201837,2
171279.76706904452,3.0,1.0,40.0,15.0,0.0,A,Media,0.0,4281.994176726113,0
78356.30162580733,1.0,2.0,135.14275472379666,6.0,1.0,B,Baja,0.0,579.8039398112842,2
147313.98777072405,1.0,3.0,115.70696017613693,13.0,0.0,A,Media,0.0,1273.1644453062527,2
132206.6862420346,1.0,3.0,90.5619232319988,8.0,0.0,C,Alta,0.0,1459.8484829363827,0
